V,I
-5.0,-2e-07
-4.996998499249625,-2e-07
-4.99399699849925,-2e-07
-4.990995497748875,-2e-07
-4.987993996998499,-2e-07
-4.9849924962481245,-2e-07
-4.981990995497749,-2e-07
-4.978989494747374,-2e-07
-4.975987993996998,-2e-07
-4.972986493246624,-2e-07
-4.969984992496248,-2e-07
-4.966983491745873,-2e-07
-4.963981990995498,-2e-07
-4.960980490245123,-2e-07
-4.957978989494747,-2e-07
-4.9549774887443725,-2e-07
-4.951975987993997,-2e-07
-4.948974487243622,-2e-07
-4.9459729864932465,-2e-07
-4.942971485742872,-2e-07
-4.939969984992496,-2e-07
-4.936968484242121,-2e-07
-4.933966983491746,-2e-07
-4.930965482741371,-2e-07
-4.927963981990995,-2e-07
-4.9249624812406205,-2e-07
-4.921960980490245,-2e-07
-4.91895947973987,-2e-07
-4.9159579789894945,-2e-07
-4.91295647823912,-2e-07
-4.909954977488744,-2e-07
-4.906953476738369,-2e-07
-4.903951975987994,-2e-07
-4.900950475237619,-2e-07
-4.897948974487243,-2e-07
-4.894947473736869,-2e-07
-4.891945972986493,-2e-07
-4.888944472236118,-2e-07
-4.8859429714857425,-2e-07
-4.882941470735368,-2e-07
-4.879939969984992,-2e-07
-4.876938469234617,-2e-07
-4.873936968484242,-2e-07
-4.870935467733867,-2e-07
-4.867933966983491,-2e-07
-4.864932466233117,-2e-07
-4.861930965482741,-2e-07
-4.858929464732366,-2e-07
-4.855927963981991,-2e-07
-4.852926463231616,-2e-07
-4.849924962481241,-2e-07
-4.846923461730865,-2e-07
-4.843921960980491,-2e-07
-4.840920460230115,-2e-07
-4.83791895947974,-2e-07
-4.834917458729365,-2e-07
-4.83191595797899,-2e-07
-4.828914457228614,-2e-07
-4.8259129564782395,-2e-07
-4.822911455727864,-2e-07
-4.819909954977489,-2e-07
-4.8169084542271134,-2e-07
-4.813906953476739,-2e-07
-4.810905452726363,-2e-07
-4.807903951975988,-2e-07
-4.804902451225613,-2e-07
-4.801900950475238,-2e-07
-4.798899449724862,-2e-07
-4.7958979489744875,-2e-07
-4.792896448224112,-2e-07
-4.789894947473737,-2e-07
-4.7868934467233615,-2e-07
-4.783891945972987,-2e-07
-4.780890445222611,-2e-07
-4.777888944472236,-2e-07
-4.774887443721861,-2e-07
-4.771885942971486,-2e-07
-4.76888444222111,-2e-07
-4.7658829414707355,-2e-07
-4.76288144072036,-2e-07
-4.759879939969985,-2e-07
-4.7568784392196095,-2e-07
-4.753876938469235,-2e-07
-4.750875437718859,-2e-07
-4.747873936968484,-2e-07
-4.744872436218109,-2e-07
-4.741870935467734,-2e-07
-4.738869434717358,-2e-07
-4.735867933966984,-2e-07
-4.732866433216608,-2e-07
-4.729864932466233,-2e-07
-4.7268634317158575,-2e-07
-4.723861930965483,-2e-07
-4.720860430215107,-2e-07
-4.717858929464732,-2e-07
-4.714857428714357,-2e-07
-4.711855927963982,-2e-07
-4.708854427213607,-2e-07
-4.705852926463232,-2e-07
-4.702851425712856,-2e-07
-4.699849924962481,-2e-07
-4.6968484242121065,-2e-07
-4.693846923461731,-2e-07
-4.690845422711356,-2e-07
-4.68784392196098,-2e-07
-4.684842421210606,-2e-07
-4.68184092046023,-2e-07
-4.678839419709855,-2e-07
-4.67583791895948,-2e-07
-4.672836418209105,-2e-07
-4.669834917458729,-2e-07
-4.6668334167083545,-2e-07
-4.663831915957979,-2e-07
-4.660830415207604,-2e-07
-4.6578289144572285,-2e-07
-4.654827413706854,-2e-07
-4.651825912956478,-2e-07
-4.648824412206103,-2e-07
-4.645822911455728,-2e-07
-4.642821410705353,-2e-07
-4.639819909954977,-2e-07
-4.6368184092046025,-2e-07
-4.633816908454227,-2e-07
-4.630815407703852,-2e-07
-4.6278139069534765,-2e-07
-4.624812406203102,-2e-07
-4.621810905452726,-2e-07
-4.618809404702351,-2e-07
-4.615807903951976,-2e-07
-4.612806403201601,-2e-07
-4.609804902451225,-2e-07
-4.606803401700851,-2e-07
-4.603801900950475,-2e-07
-4.6008004002001,-2e-07
-4.5977988994497245,-2e-07
-4.59479739869935,-2e-07
-4.591795897948974,-2e-07
-4.588794397198599,-2e-07
-4.585792896448224,-2e-07
-4.582791395697849,-2e-07
-4.579789894947473,-2e-07
-4.576788394197099,-2e-07
-4.573786893446723,-2e-07
-4.570785392696348,-2e-07
-4.5677838919459735,-2e-07
-4.564782391195598,-2e-07
-4.561780890445222,-2e-07
-4.558779389694847,-2e-07
-4.555777888944473,-2e-07
-4.552776388194097,-2e-07
-4.549774887443722,-2e-07
-4.546773386693347,-2e-07
-4.543771885942972,-2e-07
-4.540770385192596,-2e-07
-4.5377688844422215,-2e-07
-4.534767383691846,-2e-07
-4.531765882941471,-2e-07
-4.5287643821910955,-2e-07
-4.525762881440721,-2e-07
-4.522761380690345,-2e-07
-4.51975987993997,-2e-07
-4.516758379189595,-2e-07
-4.51375687843922,-2e-07
-4.510755377688844,-2e-07
-4.5077538769384695,-2e-07
-4.504752376188094,-2e-07
-4.501750875437719,-2e-07
-4.4987493746873435,-2e-07
-4.495747873936969,-2e-07
-4.492746373186593,-2e-07
-4.489744872436218,-2e-07
-4.486743371685843,-2e-07
-4.483741870935468,-2e-07
-4.480740370185092,-2e-07
-4.4777388694347176,-2e-07
-4.474737368684342,-2e-07
-4.471735867933967,-2e-07
-4.4687343671835915,-2e-07
-4.465732866433217,-2e-07
-4.462731365682841,-2e-07
-4.459729864932466,-2e-07
-4.456728364182091,-2e-07
-4.453726863431716,-2e-07
-4.45072536268134,-2e-07
-4.447723861930966,-2e-07
-4.44472236118059,-2e-07
-4.441720860430215,-2e-07
-4.4387193596798395,-2e-07
-4.435717858929465,-2e-07
-4.432716358179089,-2e-07
-4.429714857428714,-2e-07
-4.42671335667834,-2e-07
-4.423711855927964,-2e-07
-4.420710355177588,-2e-07
-4.417708854427214,-2e-07
-4.414707353676839,-2e-07
-4.411705852926463,-2e-07
-4.408704352176088,-2e-07
-4.405702851425713,-2e-07
-4.402701350675338,-2e-07
-4.399699849924962,-2e-07
-4.396698349174587,-2e-07
-4.393696848424212,-2e-07
-4.390695347673837,-2e-07
-4.387693846923462,-2e-07
-4.384692346173087,-2e-07
-4.381690845422711,-2e-07
-4.3786893446723365,-2e-07
-4.375687843921961,-2e-07
-4.372686343171586,-2e-07
-4.3696848424212105,-2e-07
-4.366683341670836,-2e-07
-4.36368184092046,-2e-07
-4.360680340170085,-2e-07
-4.35767883941971,-2e-07
-4.354677338669335,-2e-07
-4.351675837918959,-2e-07
-4.3486743371685845,-2e-07
-4.345672836418209,-2e-07
-4.342671335667834,-2e-07
-4.3396698349174585,-2e-07
-4.336668334167084,-2e-07
-4.333666833416708,-2e-07
-4.330665332666333,-2e-07
-4.327663831915958,-2e-07
-4.324662331165583,-2e-07
-4.321660830415207,-2e-07
-4.318659329664833,-2e-07
-4.315657828914457,-2e-07
-4.312656328164082,-2e-07
-4.3096548274137065,-2e-07
-4.306653326663332,-2e-07
-4.303651825912956,-2e-07
-4.300650325162581,-2e-07
-4.297648824412206,-2e-07
-4.294647323661831,-2e-07
-4.291645822911455,-2e-07
-4.288644322161081,-2e-07
-4.285642821410706,-2e-07
-4.28264132066033,-2e-07
-4.279639819909955,-2e-07
-4.27663831915958,-2e-07
-4.273636818409205,-2e-07
-4.270635317658829,-2e-07
-4.267633816908454,-2e-07
-4.264632316158079,-2e-07
-4.261630815407704,-2e-07
-4.258629314657329,-2e-07
-4.255627813906953,-2e-07
-4.252626313156578,-2e-07
-4.2496248124062035,-2e-07
-4.246623311655828,-2e-07
-4.243621810905453,-2e-07
-4.2406203101550775,-2e-07
-4.237618809404703,-2e-07
-4.234617308654327,-2e-07
-4.231615807903952,-2e-07
-4.228614307153577,-2e-07
-4.225612806403202,-2e-07
-4.222611305652826,-2e-07
-4.2196098049024515,-2e-07
-4.216608304152076,-2e-07
-4.213606803401701,-2e-07
-4.2106053026513255,-2e-07
-4.207603801900951,-2e-07
-4.204602301150575,-2e-07
-4.2016008004002,-2e-07
-4.198599299649825,-2e-07
-4.19559779889945,-2e-07
-4.192596298149074,-2e-07
-4.1895947973986996,-2e-07
-4.186593296648324,-2e-07
-4.183591795897949,-2e-07
-4.1805902951475735,-2e-07
-4.177588794397199,-2e-07
-4.174587293646823,-2e-07
-4.171585792896448,-2e-07
-4.168584292146073,-2e-07
-4.165582791395698,-2e-07
-4.162581290645322,-2e-07
-4.159579789894948,-2e-07
-4.156578289144572,-2e-07
-4.153576788394197,-2e-07
-4.1505752876438216,-2e-07
-4.147573786893447,-2e-07
-4.144572286143071,-2e-07
-4.141570785392696,-2e-07
-4.138569284642321,-2e-07
-4.135567783891946,-2e-07
-4.132566283141571,-2e-07
-4.129564782391196,-2e-07
-4.12656328164082,-2e-07
-4.123561780890445,-2e-07
-4.1205602801400705,-2e-07
-4.117558779389695,-2e-07
-4.114557278639319,-2e-07
-4.111555777888944,-2e-07
-4.10855427713857,-2e-07
-4.105552776388194,-2e-07
-4.102551275637819,-2e-07
-4.099549774887444,-2e-07
-4.096548274137069,-2e-07
-4.093546773386693,-2e-07
-4.0905452726363185,-2e-07
-4.087543771885943,-2e-07
-4.084542271135568,-2e-07
-4.0815407703851925,-2e-07
-4.078539269634818,-2e-07
-4.075537768884442,-2e-07
-4.072536268134067,-2e-07
-4.069534767383692,-2e-07
-4.066533266633317,-2e-07
-4.063531765882941,-2e-07
-4.0605302651325665,-2e-07
-4.057528764382191,-2e-07
-4.054527263631816,-2e-07
-4.0515257628814405,-2e-07
-4.048524262131066,-2e-07
-4.04552276138069,-2e-07
-4.042521260630315,-2e-07
-4.03951975987994,-2e-07
-4.036518259129565,-2e-07
-4.033516758379189,-2e-07
-4.030515257628815,-2e-07
-4.027513756878439,-2e-07
-4.024512256128064,-2e-07
-4.0215107553776885,-2e-07
-4.018509254627314,-2e-07
-4.015507753876938,-2e-07
-4.012506253126563,-2e-07
-4.009504752376188,-2e-07
-4.006503251625813,-2e-07
-4.003501750875437,-2e-07
-4.000500250125063,-2e-07
-3.9974987493746874,-2e-07
-3.994497248624312,-2e-07
-3.991495747873937,-2e-07
-3.988494247123562,-2e-07
-3.9854927463731866,-2e-07
-3.9824912456228114,-2e-07
-3.9794897448724362,-2e-07
-3.976488244122061,-2e-07
-3.973486743371686,-2e-07
-3.9704852426213106,-2e-07
-3.9674837418709354,-2e-07
-3.9644822411205602,-2e-07
-3.961480740370185,-2e-07
-3.95847923961981,-2e-07
-3.9554777388694347,-2e-07
-3.9524762381190595,-2e-07
-3.9494747373686843,-2e-07
-3.946473236618309,-2e-07
-3.943471735867934,-2e-07
-3.9404702351175587,-2e-07
-3.937468734367184,-2e-07
-3.9344672336168083,-2e-07
-3.9314657328664335,-2e-07
-3.928464232116058,-2e-07
-3.925462731365683,-2e-07
-3.9224612306153075,-2e-07
-3.9194597298649327,-2e-07
-3.916458229114557,-2e-07
-3.9134567283641823,-2e-07
-3.9104552276138067,-2e-07
-3.907453726863432,-2e-07
-3.9044522261130563,-2e-07
-3.9014507253626816,-2e-07
-3.898449224612306,-2e-07
-3.895447723861931,-2e-07
-3.8924462231115555,-2e-07
-3.8894447223611808,-2e-07
-3.886443221610805,-2e-07
-3.8834417208604304,-2e-07
-3.8804402201100547,-2e-07
-3.87743871935968,-2e-07
-3.8744372186093043,-2e-07
-3.8714357178589296,-2e-07
-3.868434217108554,-2e-07
-3.865432716358179,-2e-07
-3.862431215607804,-2e-07
-3.859429714857429,-2e-07
-3.8564282141070536,-2e-07
-3.8534267133566784,-2e-07
-3.850425212606303,-2e-07
-3.847423711855928,-2e-07
-3.844422211105553,-2e-07
-3.8414207103551776,-2e-07
-3.8384192096048024,-2e-07
-3.8354177088544272,-2e-07
-3.832416208104052,-2e-07
-3.829414707353677,-2e-07
-3.8264132066033016,-2e-07
-3.8234117058529264,-2e-07
-3.8204102051025512,-2e-07
-3.817408704352176,-2e-07
-3.814407203601801,-2e-07
-3.8114057028514257,-2e-07
-3.8084042021010505,-2e-07
-3.8054027013506753,-2e-07
-3.8024012006003,-2e-07
-3.799399699849925,-2e-07
-3.7963981990995497,-2e-07
-3.7933966983491745,-2e-07
-3.7903951975987997,-2e-07
-3.787393696848424,-2e-07
-3.7843921960980493,-2e-07
-3.7813906953476737,-2e-07
-3.778389194597299,-2e-07
-3.7753876938469233,-2e-07
-3.7723861930965485,-2e-07
-3.769384692346173,-2e-07
-3.766383191595798,-2e-07
-3.7633816908454225,-2e-07
-3.7603801900950478,-2e-07
-3.757378689344672,-2e-07
-3.7543771885942974,-2e-07
-3.7513756878439217,-2e-07
-3.748374187093547,-2e-07
-3.7453726863431713,-2e-07
-3.7423711855927966,-2e-07
-3.739369684842421,-2e-07
-3.736368184092046,-2e-07
-3.7333666833416705,-2e-07
-3.730365182591296,-2e-07
-3.72736368184092,-2e-07
-3.7243621810905454,-2e-07
-3.7213606803401698,-2e-07
-3.718359179589795,-2e-07
-3.71535767883942,-2e-07
-3.7123561780890446,-2e-07
-3.7093546773386694,-2e-07
-3.706353176588294,-2e-07
-3.703351675837919,-2e-07
-3.700350175087544,-2e-07
-3.6973486743371686,-2e-07
-3.6943471735867934,-2e-07
-3.6913456728364182,-2e-07
-3.688344172086043,-2e-07
-3.685342671335668,-2e-07
-3.6823411705852926,-2e-07
-3.6793396698349174,-2e-07
-3.6763381690845423,-2e-07
-3.673336668334167,-2e-07
-3.670335167583792,-2e-07
-3.6673336668334167,-2e-07
-3.6643321660830415,-2e-07
-3.6613306653326663,-2e-07
-3.658329164582291,-2e-07
-3.655327663831916,-2e-07
-3.6523261630815407,-2e-07
-3.6493246623311655,-2e-07
-3.6463231615807903,-2e-07
-3.6433216608304155,-2e-07
-3.64032016008004,-2e-07
-3.637318659329665,-2e-07
-3.6343171585792895,-2e-07
-3.6313156578289147,-2e-07
-3.628314157078539,-2e-07
-3.6253126563281644,-2e-07
-3.6223111555777887,-2e-07
-3.619309654827414,-2e-07
-3.6163081540770383,-2e-07
-3.6133066533266636,-2e-07
-3.610305152576288,-2e-07
-3.607303651825913,-2e-07
-3.6043021510755375,-2e-07
-3.6013006503251628,-2e-07
-3.598299149574787,-2e-07
-3.5952976488244124,-2e-07
-3.5922961480740367,-2e-07
-3.589294647323662,-2e-07
-3.5862931465732864,-2e-07
-3.5832916458229116,-2e-07
-3.580290145072536,-2e-07
-3.577288644322161,-2e-07
-3.5742871435717856,-2e-07
-3.571285642821411,-2e-07
-3.5682841420710356,-2e-07
-3.5652826413206604,-2e-07
-3.562281140570285,-2e-07
-3.55927963981991,-2e-07
-3.556278139069535,-2e-07
-3.5532766383191596,-2e-07
-3.5502751375687844,-2e-07
-3.5472736368184092,-2e-07
-3.544272136068034,-2e-07
-3.541270635317659,-2e-07
-3.5382691345672836,-2e-07
-3.5352676338169085,-2e-07
-3.5322661330665333,-2e-07
-3.529264632316158,-2e-07
-3.526263131565783,-2e-07
-3.5232616308154077,-2e-07
-3.5202601300650325,-2e-07
-3.5172586293146573,-2e-07
-3.514257128564282,-2e-07
-3.511255627813907,-2e-07
-3.5082541270635317,-2e-07
-3.5052526263131565,-2e-07
-3.5022511255627813,-2e-07
-3.499249624812406,-2e-07
-3.4962481240620313,-2e-07
-3.4932466233116557,-2e-07
-3.490245122561281,-2e-07
-3.4872436218109053,-2e-07
-3.4842421210605306,-2e-07
-3.481240620310155,-2e-07
-3.47823911955978,-2e-07
-3.4752376188094045,-2e-07
-3.4722361180590298,-2e-07
-3.469234617308654,-2e-07
-3.4662331165582794,-2e-07
-3.4632316158079037,-2e-07
-3.460230115057529,-2e-07
-3.4572286143071533,-2e-07
-3.4542271135567786,-2e-07
-3.451225612806403,-2e-07
-3.448224112056028,-2e-07
-3.4452226113056525,-2e-07
-3.442221110555278,-2e-07
-3.439219609804902,-2e-07
-3.4362181090545274,-2e-07
-3.4332166083041518,-2e-07
-3.430215107553777,-2e-07
-3.4272136068034014,-2e-07
-3.4242121060530266,-2e-07
-3.4212106053026514,-2e-07
-3.4182091045522762,-2e-07
-3.415207603801901,-2e-07
-3.412206103051526,-2e-07
-3.4092046023011506,-2e-07
-3.4062031015507754,-2e-07
-3.4032016008004002,-2e-07
-3.400200100050025,-2e-07
-3.39719859929965,-2e-07
-3.3941970985492746,-2e-07
-3.3911955977988995,-2e-07
-3.3881940970485243,-2e-07
-3.385192596298149,-2e-07
-3.382191095547774,-2e-07
-3.3791895947973987,-2e-07
-3.3761880940470235,-2e-07
-3.3731865932966483,-2e-07
-3.370185092546273,-2e-07
-3.367183591795898,-2e-07
-3.3641820910455227,-2e-07
-3.3611805902951475,-2e-07
-3.3581790895447723,-2e-07
-3.355177588794397,-2e-07
-3.352176088044022,-2e-07
-3.349174587293647,-2e-07
-3.3461730865432715,-2e-07
-3.3431715857928967,-2e-07
-3.340170085042521,-2e-07
-3.3371685842921464,-2e-07
-3.3341670835417707,-2e-07
-3.331165582791396,-2e-07
-3.3281640820410203,-2e-07
-3.3251625812906456,-2e-07
-3.32216108054027,-2e-07
-3.319159579789895,-2e-07
-3.3161580790395195,-2e-07
-3.313156578289145,-2e-07
-3.310155077538769,-2e-07
-3.3071535767883944,-2e-07
-3.3041520760380187,-2e-07
-3.301150575287644,-2e-07
-3.2981490745372684,-2e-07
-3.2951475737868936,-2e-07
-3.292146073036518,-2e-07
-3.289144572286143,-2e-07
-3.2861430715357676,-2e-07
-3.283141570785393,-2e-07
-3.2801400700350176,-2e-07
-3.2771385692846424,-2e-07
-3.2741370685342672,-2e-07
-3.271135567783892,-2e-07
-3.268134067033517,-2e-07
-3.2651325662831416,-2e-07
-3.2621310655327664,-2e-07
-3.2591295647823912,-2e-07
-3.256128064032016,-2e-07
-3.253126563281641,-2e-07
-3.2501250625312657,-2e-07
-3.2471235617808905,-2e-07
-3.2441220610305153,-2e-07
-3.24112056028014,-2e-07
-3.238119059529765,-2e-07
-3.2351175587793897,-2e-07
-3.2321160580290145,-2e-07
-3.2291145572786393,-2e-07
-3.226113056528264,-2e-07
-3.223111555777889,-2e-07
-3.2201100550275137,-2e-07
-3.2171085542771385,-2e-07
-3.2141070535267633,-2e-07
-3.211105552776388,-2e-07
-3.208104052026013,-2e-07
-3.2051025512756377,-2e-07
-3.202101050525263,-2e-07
-3.1990995497748873,-2e-07
-3.1960980490245126,-2e-07
-3.193096548274137,-2e-07
-3.190095047523762,-2e-07
-3.1870935467733865,-2e-07
-3.1840920460230118,-2e-07
-3.181090545272636,-2e-07
-3.1780890445222614,-2e-07
-3.1750875437718857,-2e-07
-3.172086043021511,-2e-07
-3.1690845422711353,-2e-07
-3.1660830415207606,-2e-07
-3.163081540770385,-2e-07
-3.16008004002001,-2e-07
-3.1570785392696346,-2e-07
-3.15407703851926,-2e-07
-3.151075537768884,-2e-07
-3.1480740370185094,-2e-07
-3.1450725362681338,-2e-07
-3.142071035517759,-2e-07
-3.1390695347673834,-2e-07
-3.1360680340170086,-2e-07
-3.1330665332666334,-2e-07
-3.1300650325162582,-2e-07
-3.127063531765883,-2e-07
-3.124062031015508,-2e-07
-3.1210605302651326,-2e-07
-3.1180590295147574,-2e-07
-3.1150575287643822,-2e-07
-3.112056028014007,-2e-07
-3.109054527263632,-2e-07
-3.1060530265132567,-2e-07
-3.1030515257628815,-2e-07
-3.1000500250125063,-2e-07
-3.097048524262131,-2e-07
-3.094047023511756,-2e-07
-3.0910455227613807,-2e-07
-3.0880440220110055,-2e-07
-3.0850425212606303,-2e-07
-3.082041020510255,-2e-07
-3.07903951975988,-2e-07
-3.0760380190095047,-2e-07
-3.0730365182591295,-2e-07
-3.0700350175087543,-2e-07
-3.067033516758379,-2e-07
-3.064032016008004,-2e-07
-3.0610305152576287,-2e-07
-3.0580290145072535,-2e-07
-3.0550275137568788,-2e-07
-3.052026013006503,-2e-07
-3.0490245122561284,-2e-07
-3.0460230115057527,-2e-07
-3.043021510755378,-2e-07
-3.0400200100050023,-2e-07
-3.0370185092546276,-2e-07
-3.034017008504252,-2e-07
-3.031015507753877,-2e-07
-3.0280140070035015,-2e-07
-3.025012506253127,-2e-07
-3.022011005502751,-2e-07
-3.0190095047523764,-2e-07
-3.0160080040020008,-2e-07
-3.013006503251626,-2e-07
-3.0100050025012504,-2e-07
-3.0070035017508756,-2e-07
-3.0040020010005,-2e-07
-3.001000500250125,-2e-07
-2.99799899949975,-2e-07
-2.994997498749375,-2e-07
-2.9919959979989996,-2e-07
-2.9889944972486244,-2e-07
-2.9859929964982492,-2e-07
-2.982991495747874,-2e-07
-2.979989994997499,-2e-07
-2.9769884942471236,-2e-07
-2.9739869934967484,-2e-07
-2.9709854927463732,-2e-07
-2.967983991995998,-2e-07
-2.964982491245623,-2e-07
-2.9619809904952477,-2e-07
-2.9589794897448725,-2e-07
-2.9559779889944973,-2e-07
-2.952976488244122,-2e-07
-2.949974987493747,-2e-07
-2.9469734867433717,-2e-07
-2.9439719859929965,-2e-07
-2.9409704852426213,-2e-07
-2.937968984492246,-2e-07
-2.934967483741871,-2e-07
-2.9319659829914957,-2e-07
-2.9289644822411205,-2e-07
-2.9259629814907453,-2e-07
-2.92296148074037,-2e-07
-2.919959979989995,-2e-07
-2.9169584792396197,-2e-07
-2.9139569784892445,-2e-07
-2.9109554777388693,-2e-07
-2.907953976988494,-2e-07
-2.904952476238119,-2e-07
-2.9019509754877437,-2e-07
-2.8989494747373685,-2e-07
-2.8959479739869933,-2e-07
-2.892946473236618,-2e-07
-2.889944972486243,-2e-07
-2.8869434717358677,-2e-07
-2.8839419709854925,-2e-07
-2.8809404702351173,-2e-07
-2.877938969484742,-2e-07
-2.8749374687343674,-2e-07
-2.871935967983992,-2e-07
-2.868934467233617,-2e-07
-2.865932966483242,-2e-07
-2.8629314657328666,-2e-07
-2.8599299649824914,-2e-07
-2.856928464232116,-2e-07
-2.853926963481741,-2e-07
-2.850925462731366,-2e-07
-2.8479239619809906,-2e-07
-2.8449224612306154,-2e-07
-2.8419209604802402,-2e-07
-2.838919459729865,-2e-07
-2.83591795897949,-2e-07
-2.8329164582291146,-2e-07
-2.8299149574787394,-2e-07
-2.8269134567283642,-2e-07
-2.823911955977989,-2e-07
-2.820910455227614,-2e-07
-2.8179089544772387,-2e-07
-2.8149074537268635,-2e-07
-2.8119059529764883,-2e-07
-2.808904452226113,-2e-07
-2.805902951475738,-2e-07
-2.8029014507253627,-2e-07
-2.7998999499749875,-2e-07
-2.7968984492246123,-2e-07
-2.793896948474237,-2e-07
-2.790895447723862,-2e-07
-2.7878939469734867,-2e-07
-2.7848924462231115,-2e-07
-2.7818909454727363,-2e-07
-2.778889444722361,-2e-07
-2.775887943971986,-2e-07
-2.7728864432216107,-2e-07
-2.7698849424712355,-2e-07
-2.7668834417208603,-2e-07
-2.763881940970485,-2e-07
-2.76088044022011,-2e-07
-2.7578789394697347,-2e-07
-2.7548774387193595,-2e-07
-2.7518759379689843,-2e-07
-2.748874437218609,-2e-07
-2.745872936468234,-2e-07
-2.7428714357178587,-2e-07
-2.7398699349674835,-2e-07
-2.7368684342171083,-2e-07
-2.733866933466733,-2e-07
-2.7308654327163584,-2e-07
-2.727863931965983,-2e-07
-2.724862431215608,-2e-07
-2.721860930465233,-2e-07
-2.7188594297148576,-2e-07
-2.7158579289644824,-2e-07
-2.712856428214107,-2e-07
-2.709854927463732,-2e-07
-2.706853426713357,-2e-07
-2.7038519259629816,-2e-07
-2.7008504252126064,-2e-07
-2.6978489244622312,-2e-07
-2.694847423711856,-2e-07
-2.691845922961481,-2e-07
-2.6888444222111056,-2e-07
-2.6858429214607304,-2e-07
-2.6828414207103553,-2e-07
-2.67983991995998,-2e-07
-2.676838419209605,-2e-07
-2.6738369184592297,-2e-07
-2.6708354177088545,-2e-07
-2.6678339169584793,-2e-07
-2.664832416208104,-2e-07
-2.661830915457729,-2e-07
-2.6588294147073537,-2e-07
-2.6558279139569785,-2e-07
-2.6528264132066033,-2e-07
-2.649824912456228,-2e-07
-2.646823411705853,-2e-07
-2.6438219109554777,-2e-07
-2.6408204102051025,-2e-07
-2.6378189094547273,-2e-07
-2.634817408704352,-2e-07
-2.631815907953977,-2e-07
-2.6288144072036017,-2e-07
-2.6258129064532265,-2e-07
-2.6228114057028513,-2e-07
-2.619809904952476,-2e-07
-2.616808404202101,-2e-07
-2.6138069034517257,-2e-07
-2.6108054027013505,-2e-07
-2.6078039019509753,-2e-07
-2.6048024012006,-2e-07
-2.601800900450225,-2e-07
-2.5987993996998497,-2e-07
-2.5957978989494745,-2e-07
-2.5927963981990994,-2e-07
-2.589794897448724,-2e-07
-2.586793396698349,-2e-07
-2.583791895947974,-2e-07
-2.580790395197599,-2e-07
-2.577788894447224,-2e-07
-2.5747873936968486,-2e-07
-2.5717858929464734,-2e-07
-2.568784392196098,-2e-07
-2.565782891445723,-2e-07
-2.562781390695348,-2e-07
-2.5597798899449726,-2e-07
-2.5567783891945974,-2e-07
-2.5537768884442222,-2e-07
-2.550775387693847,-2e-07
-2.547773886943472,-2e-07
-2.5447723861930966,-2e-07
-2.5417708854427215,-2e-07
-2.5387693846923463,-2e-07
-2.535767883941971,-2e-07
-2.532766383191596,-2e-07
-2.5297648824412207,-2e-07
-2.5267633816908455,-2e-07
-2.5237618809404703,-2e-07
-2.520760380190095,-2e-07
-2.51775887943972,-2e-07
-2.5147573786893447,-2e-07
-2.5117558779389695,-2e-07
-2.5087543771885943,-2e-07
-2.505752876438219,-2e-07
-2.502751375687844,-2e-07
-2.4997498749374687,-2e-07
-2.4967483741870935,-2e-07
-2.4937468734367183,-2e-07
-2.490745372686343,-2e-07
-2.487743871935968,-2e-07
-2.4847423711855927,-2e-07
-2.4817408704352175,-2e-07
-2.4787393696848423,-2e-07
-2.475737868934467,-2e-07
-2.472736368184092,-2e-07
-2.4697348674337167,-2e-07
-2.4667333666833415,-2e-07
-2.4637318659329663,-2e-07
-2.460730365182591,-2e-07
-2.457728864432216,-2e-07
-2.4547273636818407,-2e-07
-2.4517258629314655,-2e-07
-2.4487243621810904,-2e-07
-2.445722861430715,-2e-07
-2.44272136068034,-2e-07
-2.4397198599299648,-2e-07
-2.43671835917959,-2e-07
-2.433716858429215,-2e-07
-2.4307153576788396,-2e-07
-2.4277138569284644,-2e-07
-2.4247123561780892,-2e-07
-2.421710855427714,-2e-07
-2.418709354677339,-2e-07
-2.4157078539269636,-2e-07
-2.4127063531765884,-2e-07
-2.4097048524262132,-2e-07
-2.406703351675838,-2e-07
-2.403701850925463,-2e-07
-2.4007003501750876,-2e-07
-2.3976988494247125,-2e-07
-2.3946973486743373,-2e-07
-2.391695847923962,-2e-07
-2.388694347173587,-2e-07
-2.3856928464232117,-2e-07
-2.3826913456728365,-2e-07
-2.3796898449224613,-2e-07
-2.376688344172086,-2e-07
-2.373686843421711,-2e-07
-2.3706853426713357,-2e-07
-2.3676838419209605,-2e-07
-2.3646823411705853,-2e-07
-2.36168084042021,-2e-07
-2.358679339669835,-2e-07
-2.3556778389194597,-2e-07
-2.3526763381690845,-2e-07
-2.3496748374187093,-2e-07
-2.346673336668334,-2e-07
-2.343671835917959,-2e-07
-2.3406703351675837,-2e-07
-2.3376688344172085,-2e-07
-2.3346673336668333,-2e-07
-2.331665832916458,-2e-07
-2.328664332166083,-2e-07
-2.3256628314157077,-2e-07
-2.3226613306653325,-2e-07
-2.3196598299149573,-2e-07
-2.316658329164582,-2e-07
-2.313656828414207,-2e-07
-2.3106553276638317,-2e-07
-2.3076538269134566,-2e-07
-2.3046523261630814,-2e-07
-2.301650825412706,-2e-07
-2.298649324662331,-2e-07
-2.2956478239119558,-2e-07
-2.2926463231615806,-2e-07
-2.289644822411206,-2e-07
-2.2866433216608306,-2e-07
-2.2836418209104554,-2e-07
-2.2806403201600802,-2e-07
-2.277638819409705,-2e-07
-2.27463731865933,-2e-07
-2.2716358179089546,-2e-07
-2.2686343171585794,-2e-07
-2.2656328164082042,-2e-07
-2.262631315657829,-2e-07
-2.259629814907454,-2e-07
-2.2566283141570787,-2e-07
-2.2536268134067035,-2e-07
-2.2506253126563283,-2e-07
-2.247623811905953,-2e-07
-2.244622311155578,-2e-07
-2.2416208104052027,-2e-07
-2.2386193096548275,-2e-07
-2.2356178089044523,-2e-07
-2.232616308154077,-2e-07
-2.229614807403702,-2e-07
-2.2266133066533267,-2e-07
-2.2236118059029515,-2e-07
-2.2206103051525763,-2e-07
-2.217608804402201,-2e-07
-2.214607303651826,-2e-07
-2.2116058029014507,-2e-07
-2.2086043021510755,-2e-07
-2.2056028014007003,-2e-07
-2.202601300650325,-2e-07
-2.19959979989995,-2e-07
-2.1965982991495747,-2e-07
-2.1935967983991995,-2e-07
-2.1905952976488243,-2e-07
-2.187593796898449,-2e-07
-2.184592296148074,-2e-07
-2.1815907953976987,-2e-07
-2.1785892946473235,-2e-07
-2.1755877938969483,-2e-07
-2.172586293146573,-2e-07
-2.169584792396198,-2e-07
-2.1665832916458228,-2e-07
-2.1635817908954476,-2e-07
-2.1605802901450724,-2e-07
-2.157578789394697,-2e-07
-2.154577288644322,-2e-07
-2.1515757878939468,-2e-07
-2.1485742871435716,-2e-07
-2.145572786393197,-2e-07
-2.1425712856428216,-2e-07
-2.1395697848924464,-2e-07
-2.1365682841420712,-2e-07
-2.133566783391696,-2e-07
-2.130565282641321,-2e-07
-2.1275637818909456,-2e-07
-2.1245622811405704,-2e-07
-2.1215607803901952,-2e-07
-2.11855927963982,-2e-07
-2.115557778889445,-2e-07
-2.1125562781390697,-2e-07
-2.1095547773886945,-2e-07
-2.1065532766383193,-2e-07
-2.103551775887944,-2e-07
-2.100550275137569,-2e-07
-2.0975487743871937,-2e-07
-2.0945472736368185,-2e-07
-2.0915457728864433,-2e-07
-2.088544272136068,-2e-07
-2.085542771385693,-2e-07
-2.0825412706353177,-2e-07
-2.0795397698849425,-2e-07
-2.0765382691345673,-2e-07
-2.073536768384192,-2e-07
-2.070535267633817,-2e-07
-2.0675337668834417,-2e-07
-2.0645322661330665,-2e-07
-2.0615307653826913,-2e-07
-2.058529264632316,-2e-07
-2.055527763881941,-2e-07
-2.0525262631315657,-2e-07
-2.0495247623811905,-2e-07
-2.0465232616308153,-2e-07
-2.04352176088044,-2e-07
-2.040520260130065,-2e-07
-2.0375187593796897,-2e-07
-2.0345172586293145,-2e-07
-2.0315157578789393,-2e-07
-2.028514257128564,-2e-07
-2.025512756378189,-2e-07
-2.0225112556278138,-2e-07
-2.0195097548774386,-2e-07
-2.0165082541270634,-2e-07
-2.013506753376688,-2e-07
-2.010505252626313,-2e-07
-2.0075037518759378,-2e-07
-2.0045022511255626,-2e-07
-2.0015007503751874,-2e-07
-1.9984992496248126,-2e-07
-1.9954977488744374,-2e-07
-1.9924962481240622,-2e-07
-1.989494747373687,-2e-07
-1.9864932466233118,-2e-07
-1.9834917458729366,-2e-07
-1.9804902451225614,-2e-07
-1.9774887443721862,-2e-07
-1.974487243621811,-2e-07
-1.9714857428714359,-2e-07
-1.9684842421210607,-2e-07
-1.9654827413706855,-2e-07
-1.9624812406203103,-2e-07
-1.959479739869935,-2e-07
-1.9564782391195599,-2e-07
-1.9534767383691847,-2e-07
-1.9504752376188095,-2e-07
-1.9474737368684343,-2e-07
-1.944472236118059,-2e-07
-1.9414707353676839,-2e-07
-1.9384692346173087,-2e-07
-1.9354677338669335,-2e-07
-1.9324662331165583,-2e-07
-1.929464732366183,-2e-07
-1.926463231615808,-2e-07
-1.9234617308654327,-2e-07
-1.9204602301150575,-2e-07
-1.9174587293646823,-2e-07
-1.9144572286143071,-2e-07
-1.911455727863932,-2e-07
-1.9084542271135567,-2e-07
-1.9054527263631815,-2e-07
-1.9024512256128063,-2e-07
-1.8994497248624311,-2e-07
-1.896448224112056,-2e-07
-1.8934467233616807,-2e-07
-1.8904452226113055,-2e-07
-1.8874437218609303,-2e-07
-1.8844422211105551,-2e-07
-1.88144072036018,-2e-07
-1.8784392196098048,-2e-07
-1.8754377188594296,-2e-07
-1.8724362181090544,-2e-07
-1.8694347173586792,-2e-07
-1.866433216608304,-2e-07
-1.8634317158579288,-2e-07
-1.8604302151075536,-2e-07
-1.8574287143571784,-2e-07
-1.8544272136068032,-2e-07
-1.8514257128564284,-2e-07
-1.8484242121060532,-2e-07
-1.845422711355678,-2e-07
-1.8424212106053028,-2e-07
-1.8394197098549276,-2e-07
-1.8364182091045524,-2e-07
-1.8334167083541772,-2e-07
-1.830415207603802,-2e-07
-1.8274137068534269,-2e-07
-1.8244122061030517,-2e-07
-1.8214107053526765,-2e-07
-1.8184092046023013,-2e-07
-1.815407703851926,-2e-07
-1.8124062031015509,-2e-07
-1.8094047023511757,-2e-07
-1.8064032016008005,-2e-07
-1.8034017008504253,-2e-07
-1.80040020010005,-2e-07
-1.7973986993496749,-2e-07
-1.7943971985992997,-2e-07
-1.7913956978489245,-2e-07
-1.7883941970985493,-2e-07
-1.785392696348174,-2e-07
-1.782391195597799,-2e-07
-1.7793896948474237,-2e-07
-1.7763881940970485,-2e-07
-1.7733866933466733,-2e-07
-1.7703851925962981,-2e-07
-1.767383691845923,-2e-07
-1.7643821910955477,-2e-07
-1.7613806903451725,-2e-07
-1.7583791895947973,-2e-07
-1.7553776888444221,-2e-07
-1.752376188094047,-2e-07
-1.7493746873436717,-2e-07
-1.7463731865932965,-2e-07
-1.7433716858429213,-2e-07
-1.7403701850925462,-2e-07
-1.737368684342171,-2e-07
-1.7343671835917958,-2e-07
-1.7313656828414206,-2e-07
-1.7283641820910454,-2e-07
-1.7253626813406702,-2e-07
-1.722361180590295,-2e-07
-1.7193596798399198,-2e-07
-1.7163581790895446,-2e-07
-1.7133566783391694,-2e-07
-1.7103551775887942,-2e-07
-1.707353676838419,-2e-07
-1.7043521760880442,-2e-07
-1.701350675337669,-2e-07
-1.6983491745872938,-2e-07
-1.6953476738369186,-2e-07
-1.6923461730865434,-2e-07
-1.6893446723361683,-2e-07
-1.686343171585793,-2e-07
-1.6833416708354179,-2e-07
-1.6803401700850427,-2e-07
-1.6773386693346675,-2e-07
-1.6743371685842923,-2e-07
-1.671335667833917,-2e-07
-1.6683341670835419,-2e-07
-1.6653326663331667,-2e-07
-1.6623311655827915,-2e-07
-1.6593296648324163,-2e-07
-1.656328164082041,-2e-07
-1.653326663331666,-2e-07
-1.6503251625812907,-2e-07
-1.6473236618309155,-2e-07
-1.6443221610805403,-2e-07
-1.641320660330165,-2e-07
-1.63831915957979,-2e-07
-1.6353176588294147,-2e-07
-1.6323161580790395,-2e-07
-1.6293146573286643,-2e-07
-1.6263131565782891,-2e-07
-1.623311655827914,-2e-07
-1.6203101550775387,-2e-07
-1.6173086543271635,-2e-07
-1.6143071535767883,-2e-07
-1.6113056528264131,-2e-07
-1.608304152076038,-2e-07
-1.6053026513256627,-2e-07
-1.6023011505752875,-2e-07
-1.5992996498249124,-2e-07
-1.5962981490745372,-2e-07
-1.593296648324162,-2e-07
-1.5902951475737868,-2e-07
-1.5872936468234116,-2e-07
-1.5842921460730364,-2e-07
-1.5812906453226612,-2e-07
-1.578289144572286,-2e-07
-1.5752876438219108,-2e-07
-1.5722861430715356,-2e-07
-1.5692846423211604,-2e-07
-1.5662831415707852,-2e-07
-1.56328164082041,-2e-07
-1.5602801400700352,-2e-07
-1.55727863931966,-2e-07
-1.5542771385692848,-2e-07
-1.5512756378189096,-2e-07
-1.5482741370685345,-2e-07
-1.5452726363181593,-2e-07
-1.542271135567784,-2e-07
-1.5392696348174089,-2e-07
-1.5362681340670337,-2e-07
-1.5332666333166585,-2e-07
-1.5302651325662833,-2e-07
-1.527263631815908,-2e-07
-1.5242621310655329,-2e-07
-1.5212606303151577,-2e-07
-1.5182591295647825,-2e-07
-1.5152576288144073,-2e-07
-1.512256128064032,-2e-07
-1.509254627313657,-2e-07
-1.5062531265632817,-2e-07
-1.5032516258129065,-2e-07
-1.5002501250625313,-2e-07
-1.497248624312156,-2e-07
-1.494247123561781,-2e-07
-1.4912456228114057,-2e-07
-1.4882441220610305,-2e-07
-1.4852426213106553,-2e-07
-1.4822411205602801,-2e-07
-1.479239619809905,-2e-07
-1.4762381190595297,-2e-07
-1.4732366183091545,-2e-07
-1.4702351175587793,-2e-07
-1.4672336168084041,-2e-07
-1.464232116058029,-2e-07
-1.4612306153076537,-2e-07
-1.4582291145572785,-2e-07
-1.4552276138069034,-2e-07
-1.4522261130565282,-2e-07
-1.449224612306153,-2e-07
-1.4462231115557778,-2e-07
-1.4432216108054026,-2e-07
-1.4402201100550274,-2e-07
-1.4372186093046522,-2e-07
-1.434217108554277,-2e-07
-1.4312156078039018,-2e-07
-1.4282141070535266,-2e-07
-1.4252126063031514,-2e-07
-1.4222111055527762,-2e-07
-1.419209604802401,-2e-07
-1.4162081040520258,-2e-07
-1.413206603301651,-2e-07
-1.4102051025512758,-2e-07
-1.4072036018009006,-2e-07
-1.4042021010505255,-2e-07
-1.4012006003001503,-2e-07
-1.398199099549775,-2e-07
-1.3951975987993999,-2e-07
-1.3921960980490247,-2e-07
-1.3891945972986495,-2e-07
-1.3861930965482743,-2e-07
-1.383191595797899,-2e-07
-1.3801900950475239,-2e-07
-1.3771885942971487,-2e-07
-1.3741870935467735,-2e-07
-1.3711855927963983,-2e-07
-1.368184092046023,-2e-07
-1.365182591295648,-2e-07
-1.3621810905452727,-2e-07
-1.3591795897948975,-2e-07
-1.3561780890445223,-2e-07
-1.353176588294147,-2e-07
-1.350175087543772,-2e-07
-1.3471735867933967,-2e-07
-1.3441720860430215,-2e-07
-1.3411705852926463,-2e-07
-1.3381690845422711,-2e-07
-1.335167583791896,-2e-07
-1.3321660830415207,-2e-07
-1.3291645822911455,-2e-07
-1.3261630815407703,-2e-07
-1.3231615807903951,-2e-07
-1.32016008004002,-2e-07
-1.3171585792896447,-2e-07
-1.3141570785392696,-2e-07
-1.3111555777888944,-2e-07
-1.3081540770385192,-2e-07
-1.305152576288144,-2e-07
-1.3021510755377688,-2e-07
-1.2991495747873936,-2e-07
-1.2961480740370184,-2e-07
-1.2931465732866432,-2e-07
-1.290145072536268,-2e-07
-1.2871435717858928,-2e-07
-1.2841420710355176,-2e-07
-1.2811405702851424,-2e-07
-1.2781390695347672,-2e-07
-1.275137568784392,-2e-07
-1.2721360680340168,-2e-07
-1.2691345672836416,-2e-07
-1.2661330665332668,-2e-07
-1.2631315657828917,-2e-07
-1.2601300650325165,-2e-07
-1.2571285642821413,-2e-07
-1.254127063531766,-2e-07
-1.2511255627813909,-2e-07
-1.2481240620310157,-2e-07
-1.2451225612806405,-2e-07
-1.2421210605302653,-2e-07
-1.23911955977989,-2e-07
-1.2361180590295149,-2e-07
-1.2331165582791397,-2e-07
-1.2301150575287645,-2e-07
-1.2271135567783893,-2e-07
-1.224112056028014,-2e-07
-1.221110555277639,-2e-07
-1.2181090545272637,-2e-07
-1.2151075537768885,-2e-07
-1.2121060530265133,-2e-07
-1.2091045522761381,-2e-07
-1.206103051525763,-2e-07
-1.2031015507753877,-2e-07
-1.2001000500250125,-2e-07
-1.1970985492746373,-2e-07
-1.1940970485242621,-2e-07
-1.191095547773887,-2e-07
-1.1880940470235117,-2e-07
-1.1850925462731365,-2e-07
-1.1820910455227613,-2e-07
-1.1790895447723861,-2e-07
-1.176088044022011,-2e-07
-1.1730865432716358,-2e-07
-1.1700850425212606,-2e-07
-1.1670835417708854,-2e-07
-1.1640820410205102,-2e-07
-1.161080540270135,-2e-07
-1.1580790395197598,-2e-07
-1.1550775387693846,-2e-07
-1.1520760380190094,-2e-07
-1.1490745372686342,-2e-07
-1.146073036518259,-2e-07
-1.1430715357678838,-2e-07
-1.1400700350175086,-2e-07
-1.1370685342671334,-2e-07
-1.1340670335167582,-2e-07
-1.131065532766383,-2e-07
-1.1280640320160078,-2e-07
-1.1250625312656326,-2e-07
-1.1220610305152574,-2e-07
-1.1190595297648827,-2e-07
-1.1160580290145075,-2e-07
-1.1130565282641323,-2e-07
-1.110055027513757,-2e-07
-1.1070535267633819,-2e-07
-1.1040520260130067,-2e-07
-1.1010505252626315,-2e-07
-1.0980490245122563,-2e-07
-1.095047523761881,-2e-07
-1.0920460230115059,-2e-07
-1.0890445222611307,-2e-07
-1.0860430215107555,-2e-07
-1.0830415207603803,-2e-07
-1.080040020010005,-2e-07
-1.07703851925963,-2e-07
-1.0740370185092547,-2e-07
-1.0710355177588795,-2e-07
-1.0680340170085043,-2e-07
-1.0650325162581291,-2e-07
-1.062031015507754,-2e-07
-1.0590295147573787,-2e-07
-1.0560280140070035,-2e-07
-1.0530265132566283,-2e-07
-1.0500250125062531,-2e-07
-1.047023511755878,-2e-07
-1.0440220110055027,-2e-07
-1.0410205102551275,-2e-07
-1.0380190095047523,-2e-07
-1.0350175087543771,-2e-07
-1.032016008004002,-2e-07
-1.0290145072536268,-2e-07
-1.0260130065032516,-2e-07
-1.0230115057528764,-2e-07
-1.0200100050025012,-2e-07
-1.017008504252126,-2e-07
-1.0140070035017508,-2e-07
-1.0110055027513756,-2e-07
-1.0080040020010004,-2e-07
-1.0050025012506252,-2e-07
-1.00200100050025,-2e-07
-0.9989994997498748,-2e-07
-0.9959979989995,-2e-07
-0.9929964982491244,-2e-07
-0.9899949974987496,-2e-07
-0.986993496748374,-2e-07
-0.9839919959979992,-2e-07
-0.9809904952476236,-2e-07
-0.9779889944972489,-2e-07
-0.9749874937468732,-2e-07
-0.9719859929964985,-2e-07
-0.9689844922461228,-2e-07
-0.9659829914957481,-2e-07
-0.9629814907453724,-2e-07
-0.9599799899949977,-2e-07
-0.956978489244622,-2e-07
-0.9539769884942473,-2e-07
-0.9509754877438716,-2e-07
-0.9479739869934969,-2e-07
-0.9449724862431212,-2e-07
-0.9419709854927465,-2e-07
-0.9389694847423709,-2e-07
-0.9359679839919961,-2e-07
-0.9329664832416205,-2e-07
-0.9299649824912457,-2e-07
-0.9269634817408701,-2e-07
-0.9239619809904953,-2e-07
-0.9209604802401197,-2e-07
-0.9179589794897449,-2e-07
-0.9149574787393693,-2e-07
-0.9119559779889945,-2e-07
-0.9089544772386189,-2e-07
-0.9059529764882441,-2e-07
-0.9029514757378685,-2e-07
-0.8999499749874937,-2e-07
-0.896948474237119,-2e-07
-0.8939469734867433,-2e-07
-0.8909454727363686,-2e-07
-0.887943971985993,-2e-07
-0.8849424712356182,-2e-07
-0.8819409704852426,-2e-07
-0.8789394697348678,-2e-07
-0.8759379689844922,-2e-07
-0.8729364682341174,-2e-07
-0.8699349674837418,-2e-07
-0.866933466733367,-2e-07
-0.8639319659829914,-2e-07
-0.8609304652326166,-2e-07
-0.857928964482241,-2e-07
-0.8549274637318662,-2e-07
-0.8519259629814906,-2e-07
-0.8489244622311158,-2e-07
-0.8459229614807402,-2e-07
-0.8429214607303654,-2e-07
-0.8399199599799898,-2e-07
-0.836918459229615,-2e-07
-0.8339169584792394,-2e-07
-0.8309154577288647,-2e-07
-0.827913956978489,-2e-07
-0.8249124562281143,-2e-07
-0.8219109554777386,-2e-07
-0.8189094547273639,-2e-07
-0.8159079539769882,-2e-07
-0.8129064532266135,-2e-07
-0.8099049524762378,-2e-07
-0.8069034517258631,-2e-07
-0.8039019509754874,-2e-07
-0.8009004502251127,-2e-07
-0.797898949474737,-2e-07
-0.7948974487243623,-2e-07
-0.7918959479739867,-2e-07
-0.7888944472236119,-2e-07
-0.7858929464732363,-2e-07
-0.7828914457228615,-2e-07
-0.7798899449724859,-2e-07
-0.7768884442221111,-2e-07
-0.7738869434717355,-2e-07
-0.7708854427213607,-2e-07
-0.7678839419709851,-2e-07
-0.7648824412206103,-2e-07
-0.7618809404702347,-2e-07
-0.7588794397198599,-2e-07
-0.7558779389694843,-2e-07
-0.7528764382191095,-2e-07
-0.7498749374687348,-2e-07
-0.7468734367183592,-2e-07
-0.7438719359679844,-2e-07
-0.7408704352176088,-2e-07
-0.737868934467234,-2e-07
-0.7348674337168584,-2e-07
-0.7318659329664836,-2e-07
-0.728864432216108,-2e-07
-0.7258629314657332,-2e-07
-0.7228614307153576,-2e-07
-0.7198599299649828,-2e-07
-0.7168584292146072,-2e-07
-0.7138569284642324,-2e-07
-0.7108554277138568,-2e-07
-0.707853926963482,-2e-07
-0.7048524262131064,-2e-07
-0.7018509254627316,-2e-07
-0.698849424712356,-2e-07
-0.6958479239619813,-2e-07
-0.6928464232116056,-2e-07
-0.6898449224612309,-2e-07
-0.6868434217108552,-2e-07
-0.6838419209604805,-2e-07
-0.6808404202101048,-2e-07
-0.6778389194597301,-2e-07
-0.6748374187093544,-2e-07
-0.6718359179589797,-2e-07
-0.668834417208604,-2e-07
-0.6658329164582293,-2e-07
-0.6628314157078536,-2e-07
-0.6598299149574789,-2e-07
-0.6568284142071033,-2e-07
-0.6538269134567285,-2e-07
-0.6508254127063529,-2e-07
-0.6478239119559781,-2e-07
-0.6448224112056025,-2e-07
-0.6418209104552277,-2e-07
-0.6388194097048521,-2e-07
-0.6358179089544773,-2e-07
-0.6328164082041017,-2e-07
-0.6298149074537269,-2e-07
-0.6268134067033513,-2e-07
-0.6238119059529765,-2e-07
-0.6208104052026009,-2e-07
-0.6178089044522261,-2e-07
-0.6148074037018505,-2e-07
-0.6118059029514757,-2e-07
-0.608804402201101,-2e-07
-0.6058029014507254,-2e-07
-0.6028014007003506,-2e-07
-0.599799899949975,-2e-07
-0.5967983991996002,-2e-07
-0.5937968984492246,-2e-07
-0.5907953976988498,-2e-07
-0.5877938969484742,-2e-07
-0.5847923961980994,-2e-07
-0.5817908954477238,-2e-07
-0.578789394697349,-2e-07
-0.5757878939469734,-2e-07
-0.5727863931965986,-2e-07
-0.569784892446223,-2e-07
-0.5667833916958482,-2e-07
-0.5637818909454726,-2e-07
-0.5607803901950978,-2e-07
-0.5577788894447222,-2e-07
-0.5547773886943475,-2e-07
-0.5517758879439718,-2e-07
-0.5487743871935971,-2e-07
-0.5457728864432214,-2e-07
-0.5427713856928467,-2e-07
-0.539769884942471,-2e-07
-0.5367683841920963,-2e-07
-0.5337668834417206,-2e-07
-0.5307653826913459,-2e-07
-0.5277638819409702,-2e-07
-0.5247623811905955,-2e-07
-0.5217608804402198,-2e-07
-0.5187593796898451,-2e-07
-0.5157578789394694,-2e-07
-0.5127563781890947,-2e-07
-0.5097548774387191,-2e-07
-0.5067533766883443,-2e-07
-0.5037518759379687,-2e-07
-0.5007503751875939,-2e-07
-0.49774887443721827,-2e-07
-0.4947473736868435,-2e-07
-0.4917458729364679,-2e-07
-0.4887443721860931,-2e-07
-0.4857428714357175,-2e-07
-0.48274137068534273,-2e-07
-0.4797398699349671,-2e-07
-0.47673836918459234,-2e-07
-0.4737368684342167,-2e-07
-0.47073536768384194,-2e-07
-0.4677338669334663,-2e-07
-0.46473236618309155,-2e-07
-0.4617308654327168,-2e-07
-0.45872936468234116,-2e-07
-0.4557278639319664,-2e-07
-0.45272636318159076,-2e-07
-0.449724862431216,-2e-07
-0.44672336168084037,-2e-07
-0.4437218609304656,-2e-07
-0.44072036018009,-2e-07
-0.4377188594297152,-2e-07
-0.4347173586793396,-2e-07
-0.43171585792896483,-2e-07
-0.4287143571785892,-2e-07
-0.42571285642821444,-2e-07
-0.4227113556778388,-2e-07
-0.41970985492746404,-2e-07
-0.4167083541770884,-2e-07
-0.41370685342671365,-2e-07
-0.410705352676338,-2e-07
-0.40770385192596326,-2e-07
-0.4047023511755876,-2e-07
-0.40170085042521286,-2e-07
-0.3986993496748372,-2e-07
-0.39569784892446247,-2e-07
-0.39269634817408683,-2e-07
-0.3896948474237121,-2e-07
-0.38669334667333644,-2e-07
-0.3836918459229617,-2e-07
-0.38069034517258604,-2e-07
-0.3776888444222113,-2e-07
-0.37468734367183565,-2e-07
-0.3716858429214609,-2e-07
-0.36868434217108526,-2e-07
-0.3656828414207105,-2e-07
-0.36268134067033486,-2e-07
-0.3596798399199601,-2e-07
-0.35667833916958447,-2e-07
-0.3536768384192097,-2e-07
-0.3506753376688341,-2e-07
-0.3476738369184593,-2e-07
-0.3446723361680837,-2e-07
-0.34167083541770893,-2e-07
-0.3386693346673333,-2e-07
-0.33566783391695854,-2e-07
-0.3326663331665829,-2e-07
-0.32966483241620814,-2e-07
-0.3266633316658325,-2e-07
-0.32366183091545775,-2e-07
-0.3206603301650821,-2e-07
-0.31765882941470736,-2e-07
-0.3146573286643326,-2e-07
-0.31165582791395696,-2e-07
-0.3086543271635822,-2e-07
-0.30565282641320657,-2e-07
-0.3026513256628318,-2e-07
-0.2996498249124562,-2e-07
-0.2966483241620814,-2e-07
-0.2936468234117058,-2e-07
-0.29064532266133103,-2e-07
-0.2876438219109554,-2e-07
-0.28464232116058064,-2e-07
-0.281640820410205,-2e-07
-0.27863931965983024,-2e-07
-0.2756378189094546,-2e-07
-0.27263631815907985,-2e-07
-0.2696348174087042,-2e-07
-0.26663331665832946,-2e-07
-0.2636318159079538,-2e-07
-0.26063031515757906,-2e-07
-0.2576288144072034,-2e-07
-0.25462731365682867,-2e-07
-0.25162581290645303,-2e-07
-0.24862431215607828,-2e-07
-0.24562281140570263,-2e-07
-0.24262131065532788,-2e-07
-0.23961980990495224,-2e-07
-0.2366183091545775,-2e-07
-0.23361680840420185,-2e-07
-0.2306153076538271,-2e-07
-0.22761380690345145,-2e-07
-0.2246123061530767,-2e-07
-0.22161080540270106,-2e-07
-0.2186093046523263,-2e-07
-0.21560780390195067,-2e-07
-0.21260630315157591,-2e-07
-0.20960480240120027,-2e-07
-0.20660330165082552,-2e-07
-0.20360180090044988,-2e-07
-0.20060030015007513,-2e-07
-0.1975987993996995,-2e-07
-0.19459729864932473,-2e-07
-0.1915957978989491,-2e-07
-0.18859429714857434,-2e-07
-0.1855927963981987,-2e-07
-0.18259129564782395,-2e-07
-0.1795897948974483,-2e-07
-0.17658829414707355,-2e-07
-0.1735867933966979,-2e-07
-0.17058529264632316,-2e-07
-0.1675837918959484,-2e-07
-0.16458229114557277,-2e-07
-0.16158079039519802,-2e-07
-0.15857928964482237,-2e-07
-0.15557778889444762,-2e-07
-0.15257628814407198,-2e-07
-0.14957478739369723,-2e-07
-0.1465732866433216,-2e-07
-0.14357178589294683,-2e-07
-0.1405702851425712,-2e-07
-0.13756878439219644,-2e-07
-0.1345672836418208,-2e-07
-0.13156578289144605,-2e-07
-0.1285642821410704,-2e-07
-0.12556278139069565,-2e-07
-0.12256128064032001,-2e-07
-0.11955977988994526,-2e-07
-0.11655827913956962,-2e-07
-0.11355677838919487,-2e-07
-0.11055527763881923,-2e-07
-0.10755377688844447,-2e-07
-0.10455227613806883,-2e-07
-0.10155077538769408,-2e-07
-0.09854927463731844,-2e-07
-0.09554777388694369,-2e-07
-0.09254627313656805,-2e-07
-0.0895447723861933,-2e-07
-0.08654327163581765,-2e-07
-0.0835417708854429,-2e-07
-0.08054027013506726,-2e-07
-0.07753876938469251,-2e-07
-0.07453726863431687,-2e-07
-0.07153576788394211,-2e-07
-0.06853426713356647,-2e-07
-0.06553276638319172,-2e-07
-0.06253126563281608,-2e-07
-0.05952976488244133,-2e-07
-0.056528264132065686,-2e-07
-0.053526763381690934,-2e-07
-0.05052526263131529,-2e-07
-0.04752376188094054,-2e-07
-0.0445222611305649,-2e-07
-0.04152076038019015,-2e-07
-0.038519259629814506,-2e-07
-0.035517758879439754,-2e-07
-0.03251625812906411,-2e-07
-0.02951475737868936,-2e-07
-0.02651325662831372,-2e-07
-0.023511755877938967,-2e-07
-0.020510255127564214,-2e-07
-0.017508754377188573,-2e-07
-0.01450725362681382,-2e-07
-0.01150575287643818,-2e-07
-0.008504252126063427,-2e-07
-0.005502751375687787,-2e-07
-0.002501250625313034,-2e-07
0.0005002501250626068,3.907794791892227e-09
0.0035017508754373594,2.9011252106935225e-08
0.006503251625813,5.720524144314569e-08
0.009504752376187753,8.887024378581274e-08
0.012506253126563394,1.2443358182233305e-07
0.015507753876938146,1.6437518670877504e-07
0.018509254627313787,2.09234074793671e-07
0.02151075537768854,2.596156217027963e-07
0.02451225612806418,3.161997319498926e-07
0.027513756878438933,3.797500143226979e-07
0.030515257628814574,4.5112408686761186e-07
0.033516758379189326,5.312851505393543e-07
0.03651825912956497,6.213149877038978e-07
0.03951975987993972,7.224285609102204e-07
0.04252126063031536,8.359904089436744e-07
0.04552276138069011,9.635330614266462e-07
0.048524262131065754,1.106777720474549e-06
0.05152576288144051,1.2676574885072634e-06
0.05452726363181615,1.4483434556791361e-06
0.0575287643821909,1.6512739989788811e-06
0.06053026513256654,1.8791876883955146e-06
0.0635317658829413,2.135160244220904e-06
0.06653326663331693,2.4226460442337545e-06
0.06953476738369169,2.745524740906836e-06
0.07253626813406733,3.108153617744266e-06
0.07553776888444208,3.5154263913005925e-06
0.07853926963481772,3.97283925242451e-06
0.08154077038519247,4.486565037957549e-06
0.08454227113556811,5.063536533846902e-06
0.08754377188594287,5.711540033852624e-06
0.09054527263631851,6.439320416439229e-06
0.09354677338669326,7.256699157870267e-06
0.0965482741370689,8.174706874111896e-06
0.09954977488744365,9.205732180205909e-06
0.1025512756378193,1.036368887599372e-05
0.10555277638819405,1.1664203714372266e-05
0.10855427713856969,1.3124827286044836e-05
0.11155577788894444,1.4765270866668796e-05
0.11455727863932008,1.6607672422690783e-05
0.11755877938969483,1.867689536563353e-05
0.12056028014007047,2.100086408657182e-05
0.12356178089044523,2.361094079885475e-05
0.12656328164081998,2.6542348774626893e-05
0.12956478239119562,2.98346476867563e-05
0.13256628314157037,3.3532267470964854e-05
0.13556778389194601,3.76851079127022e-05
0.13856928464232077,4.2349212050226456e-05
0.1415707853926964,4.7587522481576264e-05
0.14457228614307116,5.34707307818389e-05
0.1475737868934468,6.0078231493739335e-05
0.15057528764382155,6.749919356570785e-05
0.1535767883941972,7.583376369665648e-05
0.15657828914457195,8.519441782667202e-05
0.1595797898949476,9.570747901221093e-05
0.16258129064532234,0.00010751482216961021
0.16558279139569798,0.00012077578869270368
0.16858429214607273,0.00013566933678241954
0.17158579289644837,0.0001523964565074049
0.17458729364682313,0.0001711828821870611
0.17758879439719877,0.00019228213870103685
0.18059029514757352,0.00021597896283530383
0.18359179589794916,0.0002425931458364325
0.18659329664832391,0.0002724838490295615
0.18959479739869955,0.00030605445074002413
0.1925962981490743,0.0003437579899281192
0.19559779889944995,0.00038610327999975965
0.1985992996498247,0.00043366177529922766
0.20160080040020034,0.0004870752829484673
0.2046023011505751,0.0005470646241046336
0.20760380190095074,0.0006144393615209698
0.2106053026513255,0.0006901087246850134
0.21360680340170113,0.0007750938799706338
0.21660830415207588,0.0008705417113903222
0.21960980490245152,0.0009777402979212102
0.22261130565282627,0.0010981362962722344
0.22561280640320192,0.0012333544636756973
0.22861430715357667,0.0013852195841644356
0.2316158079039523,0.0015557810942332516
0.23461730865432706,0.0017473407402093333
0.2376188094047027,0.0019624836405723635
0.24062031015507745,0.002204113172412118
0.2436218109054531,0.0024754901528219525
0.24662331165582785,0.002780276843983351
0.2496248124062035,0.0031225863757972797
0.25262631315657824,0.0035070382530236134
0.2556278139069539,0.003938820696006477
0.25862931465732864,0.004423760656277195
0.2616308154077043,0.004968402451906748
0.26463231615807903,0.005580096083796385
0.26763381690845467,0.006267096424749009
0.2706353176588294,0.007038674619883629
0.2736368184092042,0.007905243201759218
0.2766383191595798,0.008878496608645712
0.27963981990995457,0.009971569002252989
0.2826413206603302,0.011199211514688999
0.28564282141070496,0.012577991316606488
0.2886443221610806,0.014126515192994996
0.29164582291145535,0.01586568064378639
0.294647323661831,0.01781895789791723
0.29764882441220575,0.020012706646644146
0.3006503251625814,0.022476531770479497
0.30365182591295614,0.02524368286030307
0.3066533266633318,0.028351502924251683
0.30965482741370653,0.03184193233571248
0.3126563281640822,0.035762074823279325
0.31565782891445693,0.04016483314073982
0.31865932966483257,0.04510962299556225
0.3216608304152073,0.05066317487038873
0.32466233116558296,0.056900434558245394
0.3276638319159577,0.06390557456424469
0.33066533266633336,0.07177313002280905
0.3336668334167081,0.08060927445968534
0.33666833416708375,0.09053325261536421
0.3396698349174585,0.10167898966594036
0.34267133566783414,0.11419689855810879
0.3456728364182089,0.12825590984838828
0.34867433716858454,0.1440457514395816
0.3516758379189593,0.16177950897964413
0.35467733866933493,0.1816965014759672
0.3576788394197097,0.2040655109316438
0.3606803401700853,0.2291884095881977
0.3636818409204601,0.25740423372460813
0.3666833416708357,0.2890937589892282
0.36968484242121047,0.32468463900894257
0.3726863431715861,0.3646571766219546
0.37568784392196086,0.40955080561729246
0.3786893446723365,0.4599713704531925
0.38169084542271126,0.5165993021945443
0.3846923461730869,0.5801988010050374
0.38769384692346165,0.6516281491122325
0.3906953476738373,0.7318512934207226
0.39369684842421204,0.821950854081403
0.3966983491745877,0.9231427345696026
0.39969984992496244,1.0367925304359304
0.4027013506753381,1.1644339581685805
0.40570285142571283,1.3077895528656662
0.40870435217608847,1.4687939140360196
0.4117058529264632,1.6496198132318842
0.41470735367683886,1.8527075158402369
0.4177088544272136,2.080797712731992
0.42071035517758837,2.336968506186983
0.423711855927964,2.6246769492224726
0.42671335667833876,2.9478056989032826
0.4297148574287144,3.310715413226362
0.43271635817908916,3.718303598678979
0.4357178589294648,4.176070702628072
0.43871935967983955,4.690194342461018
0.4417208604302152,5.26761267321253
0.44472236118058994,5.916118018728217
0.4477238619309656,6.644462029932962
0.45072536268134034,7.4624737893204465
0.453726863431716,8.381192455503747
0.45672836418209073,9.413016237872217
0.45972986493246637,10.571869711792463
0.4627313656828411,11.873391732280826
0.46573286643321676,13.33514648207388
0.4687343671835915,14.976860502202111
0.47173586793396716,16.82068890383292
0.4747373686843419,18.891514353927338
0.47773886943471755,21.217282869570298
0.4807403701850923,23.829380952538344
0.48374187093546794,26.76305915359659
0.4867433716858427,30.057907782549982
0.48974487243621834,33.75839118383317
0.4927463731865931,37.91444778771868
0.49574787393696873,42.58216403493135
0.4987493746873435,47.82453126932144
0.5017508754377191,53.71229581298533
0.5047523761880939,60.32491369564682
0.5077538769384695,67.75162292252588
0.5107553776888443,76.09264775101293
0.5137568784392199,85.46055122805726
0.5167583791895947,95.98175424083969
0.5197598799399703,107.79824158056326
0.5227613806903451,121.0694780427932
0.5257628814407207,135.97456042243076
0.5287643821910955,152.71463444461645
0.5317658829414711,171.51560924843596
0.5347673836918458,192.63120605554542
0.5377688844422215,216.3463821659931
0.5407703851925962,242.98117648825826
0.5437718859429719,272.8950284995554
0.5467733866933466,306.49162892102754
0.5497748874437223,344.2243675684757
0.552776388194097,386.6024518976836
0.5557778889444727,434.1977788150939
0.5587793896948474,487.6526524893264
0.5617808904452222,547.6884523166352
0.5647823911955978,615.1153680151226
0.5677838919459726,690.8433332239803
0.5707853926963482,775.8943051581152
0.573786893446723,871.4160560329225
0.5767883941970986,978.6976623767057
0.5797898949474733,1099.1869012599054
0.582791395697849,1234.509788206056
0.5857928964482237,1386.4925204497306
0.5887943971985994,1557.1861216692907
0.5917958979489741,1748.89412077653
0.5947973986993498,1964.2036382929439
0.5977988994497245,2206.020299825103
0.6008004002001002,2477.6074478021296
0.6038019009504749,2782.6301806399388
0.6068034017008506,3125.2048136478684
0.6098049024512253,3509.9544291555244
0.612806403201601,3942.0712655179013
0.6158079039519757,4427.386786941715
0.6188094047023514,4972.450379737007
0.6218109054527261,5584.617737004103
0.6248124062031017,6272.1501245220115
0.6278139069534765,7044.325867436581
0.6308154077038521,7911.565562280051
0.6338169084542269,8885.572704064773
0.6368184092046025,9979.49162623716
0.6398199099549773,11208.084884899854
0.6428214107053529,12587.932481131926
0.6458229114557277,14137.655609922855
0.6488244122061033,15878.167955249462
0.6518259129564781,17832.95792253599
0.6548274137068537,20028.405617271652
0.6578289144572285,22494.13884742946
0.6608304152076041,25263.432953996664
0.6638319159579789,28373.659865353293
0.6668334167083545,31866.79243556044
0.6698349174587293,35789.970872632424
0.6728364182091049,40196.13890083377
0.6758379189594796,45144.7582420487
0.6788394197098553,50702.61105826493
0.68184092046023,56944.701184179095
0.6848424212106057,63955.26631220356
0.6878439219609804,71828.91478937042
0.6908454227113561,80671.9023673915
0.6938469234617308,90603.56613568937
0.6968484242121065,101757.93498855754
0.6998499249624812,114285.53835979843
0.7028514257128569,128355.43763400629
0.7058529264632316,144157.50764850725
0.7088544272136064,161904.9990751872
0.711855927963982,181837.41626174192
0.7148574287143568,204223.7493691552
0.7178589294647324,229366.10442353398
0.7208604302151072,257603.78027008704
0.7238619309654828,289317.8474483964
0.7268634317158575,324936.29078117065
0.7298649324662332,364939.7850765505
0.7328664332166079,409868.18188739894
0.7358679339669836,460327.7948674423
0.7388694347173583,516999.5820405692
0.741870935467734,580648.3354043391
0.7448724362181087,652133.0018819261
0.7478739369684844,732418.2749054128
0.7508754377188591,822587.6130595303
0.7538769384692348,923857.8614745515
0.7568784392196095,1037595.6732848756
0.7598799399699852,1165335.9527635362
0.7628814407203599,1308802.5690238222
0.7658829414707355,1469931.619822763
0.7688844422211103,1650897.5594128522
0.7718859429714859,1854142.543041578
0.7748874437218607,2082409.3841045143
0.7778889444722363,2338778.5687140855
0.7808904452226111,2626709.8271977413
0.7838919459729867,2950088.823539626
0.7868934467233615,3313279.5928424885
0.7898949474737371,3721183.434461892
0.7928964482241119,4179305.055578943
0.7958979489744875,4693826.857829734
0.7988994497248623,5271692.369493919
0.8019009504752379,5920699.949173452
0.8049024512256127,6649608.025497606
0.8079039519759883,7468253.293081773
0.810905452726363,8387683.4598007435
0.8139069534767387,9420306.336823031
0.8169084542271134,10580057.283384074
0.8199099549774891,11882587.265993616
0.8229114557278638,13345474.069946248
0.8259129564782395,14988459.513469586
0.8289144572286142,16833715.865727432
0.8319159579789899,18906145.064033933
0.8349174587293646,21233714.768229708
0.8379189594797403,23847835.787331667
0.840920460230115,26783785.97184745
0.8439219609804907,30081186.292251762
0.8469234617308654,33784535.528332345
0.849924962481241,37943810.78512122
0.8529264632316158,42615141.93941316
0.8559279639819906,47861569.11863121
0.8589294647323662,53753893.4342717
0.861930965482741,60371632.450682834
0.8649324662331166,67804093.28334688
0.8679339669834913,76151577.80820686
0.870935467733867,85526736.24652568
0.8739369684842417,96056087.39198226
0.8769384692346174,107881725.99572662
0.8799399699849921,121163240.35063869
0.8829414707353678,136079865.95291016
0.8859429714857425,152832904.3047408
0.8889444722361182,171648439.50026828
0.8919459729864929,192780389.25523633
0.8949474737368686,216513931.5545245
0.8979489744872433,243169353.1603449
0.900950475237619,273106371.91737306
0.9039519759879937,306728991.18453455
0.9069534767383693,344490951.9048101
0.9099549774887441,386901855.8890706
0.9129564782391197,434534042.9486075
0.9159579789894945,488030314.6837125
0.9189594797398701,548112609.1620457
0.9219609804902449,615591743.5520712
0.9249624812406205,691378356.1900464
0.9279639819909953,776495195.7442945
0.9309654827413709,872090923.321079
0.9339669834917457,979455613.7723261
0.9369684842421213,1100038165.397752
0.9399699849924961,1235465852.9864655
0.9429714857428717,1387566288.0694075
0.9459729864932465,1558392082.7374933
0.9489744872436221,1750248549.867845
0.9519759879939969,1965724813.5740328
0.9549774887443725,2207728749.7210245
0.9579789894947472,2479526228.029199
0.9609804902451229,2784785185.345694
0.9639819909954976,3127625124.8548007
0.9669834917458733,3512672709.226983
0.969984992496248,3945124197.939271
0.9729864932466237,4430815571.369192
0.9759879939969984,4976301287.990365
0.9789894947473741,5588942737.511173
0.9819909954977488,6277007583.636982
0.9849924962481245,7049781337.101871
0.9879939969984992,7917692664.655274
0.9909954977488749,8892454125.067955
0.9939969984992496,9987220231.39775
0.9969984992496252,11216764972.592068
1.0,12597681190.089901
